,provinsi,tahun,jenis,jumlah RTP
1,BALI,2011,Budidaya,0
2,BANTEN,2011,Budidaya,0
3,BENGKULU,2011,Budidaya,0
4,DAERAH ISTIMEWA YOGYAKARTA,2011,Budidaya,0
5,DKI JAKARTA,2011,Budidaya,0
6,GORONTALO,2011,Budidaya,0
7,JAMBI,2011,Budidaya,0
8,JAWA BARAT,2011,Budidaya,0
9,JAWA TENGAH,2011,Budidaya,0
10,JAWA TIMUR,2011,Budidaya,0
11,KALIMANTAN BARAT,2011,Budidaya,0
12,KALIMANTAN SELATAN,2011,Budidaya,0
13,KALIMANTAN TENGAH,2011,Budidaya,0
14,KALIMANTAN TIMUR,2011,Budidaya,0
15,KALIMANTAN UTARA,2011,Budidaya,0
16,KEPULAUAN BANGKA BELITUNG,2011,Budidaya,0
17,KEPULAUAN RIAU,2011,Budidaya,0
18,LAMPUNG,2011,Budidaya,0
19,MALUKU,2011,Budidaya,0
20,MALUKU UTARA,2011,Budidaya,0
21,NUSA TENGGARA BARAT,2011,Budidaya,0
22,NUSA TENGGARA TIMUR,2011,Budidaya,0
23,PAPUA,2011,Budidaya,0
24,PAPUA BARAT,2011,Budidaya,0
25,RIAU,2011,Budidaya,0
26,SULAWESI BARAT,2011,Budidaya,0
27,SULAWESI SELATAN,2011,Budidaya,0
28,SULAWESI TENGAH,2011,Budidaya,0
29,SULAWESI TENGGARA,2011,Budidaya,0
30,SULAWESI UTARA,2011,Budidaya,0
31,SUMATERA BARAT,2011,Budidaya,0
32,SUMATERA SELATAN,2011,Budidaya,0
33,SUMATERA UTARA,2011,Budidaya,0
34,ACEH,2012,Budidaya,46641
35,BALI,2012,Budidaya,14107
36,BANTEN,2012,Budidaya,25187
37,BENGKULU,2012,Budidaya,12942
38,DAERAH ISTIMEWA YOGYAKARTA,2012,Budidaya,64101
39,DKI JAKARTA,2012,Budidaya,3081
40,GORONTALO,2012,Budidaya,6166
41,JAMBI,2012,Budidaya,22210
42,JAWA BARAT,2012,Budidaya,403195
43,JAWA TENGAH,2012,Budidaya,225859
44,JAWA TIMUR,2012,Budidaya,152219
45,KALIMANTAN BARAT,2012,Budidaya,33983
46,KALIMANTAN SELATAN,2012,Budidaya,14370
47,KALIMANTAN TENGAH,2012,Budidaya,22076
48,KALIMANTAN TIMUR,2012,Budidaya,46061
49,KALIMANTAN UTARA,2012,Budidaya,0
50,KEPULAUAN BANGKA BELITUNG,2012,Budidaya,2323
51,KEPULAUAN RIAU,2012,Budidaya,13384
52,LAMPUNG,2012,Budidaya,47183
53,MALUKU,2012,Budidaya,18290
54,MALUKU UTARA,2012,Budidaya,4825
55,NUSA TENGGARA BARAT,2012,Budidaya,36087
56,NUSA TENGGARA TIMUR,2012,Budidaya,31916
57,PAPUA,2012,Budidaya,5226
58,PAPUA BARAT,2012,Budidaya,4835
59,RIAU,2012,Budidaya,24434
60,SULAWESI BARAT,2012,Budidaya,22823
61,SULAWESI SELATAN,2012,Budidaya,105520
62,SULAWESI TENGAH,2012,Budidaya,23498
63,SULAWESI TENGGARA,2012,Budidaya,43536
64,SULAWESI UTARA,2012,Budidaya,15460
65,SUMATERA BARAT,2012,Budidaya,83692
66,SUMATERA SELATAN,2012,Budidaya,60272
67,SUMATERA UTARA,2012,Budidaya,34945
68,ACEH,2013,Budidaya,47340
69,BALI,2013,Budidaya,12527
70,BANTEN,2013,Budidaya,24843
71,BENGKULU,2013,Budidaya,15249
72,DAERAH ISTIMEWA YOGYAKARTA,2013,Budidaya,67497
73,DKI JAKARTA,2013,Budidaya,2739
74,GORONTALO,2013,Budidaya,5749
75,JAMBI,2013,Budidaya,18479
76,JAWA BARAT,2013,Budidaya,391007
77,JAWA TENGAH,2013,Budidaya,209106
78,JAWA TIMUR,2013,Budidaya,155706
79,KALIMANTAN BARAT,2013,Budidaya,36717
80,KALIMANTAN SELATAN,2013,Budidaya,14827
81,KALIMANTAN TENGAH,2013,Budidaya,20351
82,KALIMANTAN TIMUR,2013,Budidaya,47273
83,KALIMANTAN UTARA,2013,Budidaya,0
84,KEPULAUAN BANGKA BELITUNG,2013,Budidaya,2327
85,KEPULAUAN RIAU,2013,Budidaya,15172
86,LAMPUNG,2013,Budidaya,51024
87,MALUKU,2013,Budidaya,16408
88,MALUKU UTARA,2013,Budidaya,4421
89,NUSA TENGGARA BARAT,2013,Budidaya,35081
90,NUSA TENGGARA TIMUR,2013,Budidaya,37009
91,PAPUA,2013,Budidaya,4875
92,PAPUA BARAT,2013,Budidaya,4918
93,RIAU,2013,Budidaya,28192
94,SULAWESI BARAT,2013,Budidaya,22671
95,SULAWESI SELATAN,2013,Budidaya,108877
96,SULAWESI TENGAH,2013,Budidaya,26363
97,SULAWESI TENGGARA,2013,Budidaya,48187
98,SULAWESI UTARA,2013,Budidaya,16633
99,SUMATERA BARAT,2013,Budidaya,84947
100,SUMATERA SELATAN,2013,Budidaya,58754
101,SUMATERA UTARA,2013,Budidaya,32159
102,ACEH,2014,Budidaya,47649
103,BALI,2014,Budidaya,10879
104,BANTEN,2014,Budidaya,25169
105,BENGKULU,2014,Budidaya,17458
106,DAERAH ISTIMEWA YOGYAKARTA,2014,Budidaya,66976
107,DKI JAKARTA,2014,Budidaya,2698
108,GORONTALO,2014,Budidaya,6020
109,JAMBI,2014,Budidaya,14061
110,JAWA BARAT,2014,Budidaya,376142
111,JAWA TENGAH,2014,Budidaya,206853
112,JAWA TIMUR,2014,Budidaya,153671
113,KALIMANTAN BARAT,2014,Budidaya,36399
114,KALIMANTAN SELATAN,2014,Budidaya,15122
115,KALIMANTAN TENGAH,2014,Budidaya,20351
116,KALIMANTAN TIMUR,2014,Budidaya,49045
117,KALIMANTAN UTARA,2014,Budidaya,0
118,KEPULAUAN BANGKA BELITUNG,2014,Budidaya,2264
119,KEPULAUAN RIAU,2014,Budidaya,11985
120,LAMPUNG,2014,Budidaya,51964
121,MALUKU,2014,Budidaya,12418
122,MALUKU UTARA,2014,Budidaya,3955
123,NUSA TENGGARA BARAT,2014,Budidaya,34834
124,NUSA TENGGARA TIMUR,2014,Budidaya,38924
125,PAPUA,2014,Budidaya,4615
126,PAPUA BARAT,2014,Budidaya,3600
127,RIAU,2014,Budidaya,30964
128,SULAWESI BARAT,2014,Budidaya,24611
129,SULAWESI SELATAN,2014,Budidaya,111458
130,SULAWESI TENGAH,2014,Budidaya,24854
131,SULAWESI TENGGARA,2014,Budidaya,46259
132,SULAWESI UTARA,2014,Budidaya,19470
133,SUMATERA BARAT,2014,Budidaya,86026
134,SUMATERA SELATAN,2014,Budidaya,58255
135,SUMATERA UTARA,2014,Budidaya,34222
136,ACEH,2015,Budidaya,47274
137,BALI,2015,Budidaya,9744
138,BANTEN,2015,Budidaya,25550
139,BENGKULU,2015,Budidaya,20829
140,DAERAH ISTIMEWA YOGYAKARTA,2015,Budidaya,69806
141,DKI JAKARTA,2015,Budidaya,1382
142,GORONTALO,2015,Budidaya,6803
143,JAMBI,2015,Budidaya,14061
144,JAWA BARAT,2015,Budidaya,350737
145,JAWA TENGAH,2015,Budidaya,207218
146,JAWA TIMUR,2015,Budidaya,153181
147,KALIMANTAN BARAT,2015,Budidaya,42290
148,KALIMANTAN SELATAN,2015,Budidaya,14905
149,KALIMANTAN TENGAH,2015,Budidaya,20382
150,KALIMANTAN TIMUR,2015,Budidaya,38330
151,KALIMANTAN UTARA,2015,Budidaya,18546
152,KEPULAUAN BANGKA BELITUNG,2015,Budidaya,1953
153,KEPULAUAN RIAU,2015,Budidaya,14950
154,LAMPUNG,2015,Budidaya,52756
155,MALUKU,2015,Budidaya,14654
156,MALUKU UTARA,2015,Budidaya,3447
157,NUSA TENGGARA BARAT,2015,Budidaya,34236
158,NUSA TENGGARA TIMUR,2015,Budidaya,38979
159,PAPUA,2015,Budidaya,4832
160,PAPUA BARAT,2015,Budidaya,5085
161,RIAU,2015,Budidaya,30431
162,SULAWESI BARAT,2015,Budidaya,18130
163,SULAWESI SELATAN,2015,Budidaya,112088
164,SULAWESI TENGAH,2015,Budidaya,26705
165,SULAWESI TENGGARA,2015,Budidaya,29611
166,SULAWESI UTARA,2015,Budidaya,19981
167,SUMATERA BARAT,2015,Budidaya,86747
168,SUMATERA SELATAN,2015,Budidaya,69550
169,SUMATERA UTARA,2015,Budidaya,19331
170,ACEH,2016,Budidaya,48579
171,BALI,2016,Budidaya,10441
172,BANTEN,2016,Budidaya,20949
173,BENGKULU,2016,Budidaya,20622
174,DAERAH ISTIMEWA YOGYAKARTA,2016,Budidaya,59903
175,DKI JAKARTA,2016,Budidaya,2085
176,GORONTALO,2016,Budidaya,7228
177,JAMBI,2016,Budidaya,17844
178,JAWA BARAT,2016,Budidaya,336697
179,JAWA TENGAH,2016,Budidaya,217141
180,JAWA TIMUR,2016,Budidaya,153046
181,KALIMANTAN BARAT,2016,Budidaya,40453
182,KALIMANTAN SELATAN,2016,Budidaya,14905
183,KALIMANTAN TENGAH,2016,Budidaya,20418
184,KALIMANTAN TIMUR,2016,Budidaya,36497
185,KALIMANTAN UTARA,2016,Budidaya,19603
186,KEPULAUAN BANGKA BELITUNG,2016,Budidaya,1659
187,KEPULAUAN RIAU,2016,Budidaya,10226
188,LAMPUNG,2016,Budidaya,43552
189,MALUKU,2016,Budidaya,12660
190,MALUKU UTARA,2016,Budidaya,3731
191,NUSA TENGGARA BARAT,2016,Budidaya,35489
192,NUSA TENGGARA TIMUR,2016,Budidaya,37649
193,PAPUA,2016,Budidaya,4142
194,PAPUA BARAT,2016,Budidaya,4206
195,RIAU,2016,Budidaya,30671
196,SULAWESI BARAT,2016,Budidaya,22901
197,SULAWESI SELATAN,2016,Budidaya,106950
198,SULAWESI TENGAH,2016,Budidaya,26687
199,SULAWESI TENGGARA,2016,Budidaya,28888
200,SULAWESI UTARA,2016,Budidaya,19981
201,SUMATERA BARAT,2016,Budidaya,86582
202,SUMATERA SELATAN,2016,Budidaya,57980
203,SUMATERA UTARA,2016,Budidaya,36430
204,ACEH,2017,Budidaya,48579
205,BALI,2017,Budidaya,10441
206,BANTEN,2017,Budidaya,20949
207,BENGKULU,2017,Budidaya,20622
208,DAERAH ISTIMEWA YOGYAKARTA,2017,Budidaya,59903
209,DKI JAKARTA,2017,Budidaya,2085
210,GORONTALO,2017,Budidaya,7228
211,JAMBI,2017,Budidaya,17844
212,JAWA BARAT,2017,Budidaya,336697
213,JAWA TENGAH,2017,Budidaya,217141
214,JAWA TIMUR,2017,Budidaya,153046
215,KALIMANTAN BARAT,2017,Budidaya,40453
216,KALIMANTAN SELATAN,2017,Budidaya,14905
217,KALIMANTAN TENGAH,2017,Budidaya,20418
218,KALIMANTAN TIMUR,2017,Budidaya,36497
219,KALIMANTAN UTARA,2017,Budidaya,19603
220,KEPULAUAN BANGKA BELITUNG,2017,Budidaya,1659
221,KEPULAUAN RIAU,2017,Budidaya,10226
222,LAMPUNG,2017,Budidaya,43552
223,MALUKU,2017,Budidaya,12660
224,MALUKU UTARA,2017,Budidaya,3731
225,NUSA TENGGARA BARAT,2017,Budidaya,35489
226,NUSA TENGGARA TIMUR,2017,Budidaya,37649
227,PAPUA,2017,Budidaya,4142
228,PAPUA BARAT,2017,Budidaya,4206
229,RIAU,2017,Budidaya,30671
230,SULAWESI BARAT,2017,Budidaya,22901
231,SULAWESI SELATAN,2017,Budidaya,106950
232,SULAWESI TENGAH,2017,Budidaya,26687
233,SULAWESI TENGGARA,2017,Budidaya,28888
234,SULAWESI UTARA,2017,Budidaya,19981
235,SUMATERA BARAT,2017,Budidaya,86582
236,SUMATERA SELATAN,2017,Budidaya,57980
237,SUMATERA UTARA,2017,Budidaya,36430
238,ACEH,2018,Budidaya,48680
239,BALI,2018,Budidaya,8545
240,BANTEN,2018,Budidaya,26646
241,BENGKULU,2018,Budidaya,32466
242,DAERAH ISTIMEWA YOGYAKARTA,2018,Budidaya,66763
243,DKI JAKARTA,2018,Budidaya,1332
244,GORONTALO,2018,Budidaya,6376
245,JAMBI,2018,Budidaya,17112
246,JAWA BARAT,2018,Budidaya,452327
247,JAWA TENGAH,2018,Budidaya,236672
248,JAWA TIMUR,2018,Budidaya,151100
249,KALIMANTAN BARAT,2018,Budidaya,44643
250,KALIMANTAN SELATAN,2018,Budidaya,17740
251,KALIMANTAN TENGAH,2018,Budidaya,27878
252,KALIMANTAN TIMUR,2018,Budidaya,39753
253,KALIMANTAN UTARA,2018,Budidaya,20039
254,KEPULAUAN BANGKA BELITUNG,2018,Budidaya,2031
255,KEPULAUAN RIAU,2018,Budidaya,8027
256,LAMPUNG,2018,Budidaya,63286
257,MALUKU,2018,Budidaya,7667
258,MALUKU UTARA,2018,Budidaya,3328
259,NUSA TENGGARA BARAT,2018,Budidaya,39705
260,NUSA TENGGARA TIMUR,2018,Budidaya,38701
261,PAPUA,2018,Budidaya,9411
262,PAPUA BARAT,2018,Budidaya,3253
263,RIAU,2018,Budidaya,25729
264,SULAWESI BARAT,2018,Budidaya,6352
265,SULAWESI SELATAN,2018,Budidaya,142342
266,SULAWESI TENGAH,2018,Budidaya,23236
267,SULAWESI TENGGARA,2018,Budidaya,23875
268,SULAWESI UTARA,2018,Budidaya,14094
269,SUMATERA BARAT,2018,Budidaya,85710
270,SUMATERA SELATAN,2018,Budidaya,57444
271,SUMATERA UTARA,2018,Budidaya,48164
272,ACEH,2019,Budidaya,35855
273,BALI,2019,Budidaya,10320
274,BANTEN,2019,Budidaya,20741
275,BENGKULU,2019,Budidaya,28650
276,DAERAH ISTIMEWA YOGYAKARTA,2019,Budidaya,61200
277,DKI JAKARTA,2019,Budidaya,941
278,GORONTALO,2019,Budidaya,6412
279,JAMBI,2019,Budidaya,15720
280,JAWA BARAT,2019,Budidaya,356311
281,JAWA TENGAH,2019,Budidaya,219198
282,JAWA TIMUR,2019,Budidaya,149457
283,KALIMANTAN BARAT,2019,Budidaya,32758
284,KALIMANTAN SELATAN,2019,Budidaya,18674
285,KALIMANTAN TENGAH,2019,Budidaya,24259
286,KALIMANTAN TIMUR,2019,Budidaya,34429
287,KALIMANTAN UTARA,2019,Budidaya,11070
288,KEPULAUAN BANGKA BELITUNG,2019,Budidaya,2712
289,KEPULAUAN RIAU,2019,Budidaya,4745
290,LAMPUNG,2019,Budidaya,56461
291,MALUKU,2019,Budidaya,7494
292,MALUKU UTARA,2019,Budidaya,3401
293,NUSA TENGGARA BARAT,2019,Budidaya,32839
294,NUSA TENGGARA TIMUR,2019,Budidaya,35046
295,PAPUA,2019,Budidaya,9891
296,PAPUA BARAT,2019,Budidaya,1901
297,RIAU,2019,Budidaya,31084
298,SULAWESI BARAT,2019,Budidaya,22457
299,SULAWESI SELATAN,2019,Budidaya,111244
300,SULAWESI TENGAH,2019,Budidaya,25675
301,SULAWESI TENGGARA,2019,Budidaya,17096
302,SULAWESI UTARA,2019,Budidaya,15249
303,SUMATERA BARAT,2019,Budidaya,78330
304,SUMATERA SELATAN,2019,Budidaya,63557
305,SUMATERA UTARA,2019,Budidaya,43342
306,ACEH,2020,Budidaya,48458
307,BALI,2020,Budidaya,10617
308,BANTEN,2020,Budidaya,20867
309,BENGKULU,2020,Budidaya,15371
310,DAERAH ISTIMEWA YOGYAKARTA,2020,Budidaya,62781
311,DKI JAKARTA,2020,Budidaya,1306
312,GORONTALO,2020,Budidaya,6276
313,JAMBI,2020,Budidaya,16285
314,JAWA BARAT,2020,Budidaya,346821
315,JAWA TENGAH,2020,Budidaya,216911
316,JAWA TIMUR,2020,Budidaya,137102
317,KALIMANTAN BARAT,2020,Budidaya,31987
318,KALIMANTAN SELATAN,2020,Budidaya,21102
319,KALIMANTAN TENGAH,2020,Budidaya,30330
320,KALIMANTAN TIMUR,2020,Budidaya,34778
321,KALIMANTAN UTARA,2020,Budidaya,11158
322,KEPULAUAN BANGKA BELITUNG,2020,Budidaya,2881
323,KEPULAUAN RIAU,2020,Budidaya,4928
324,LAMPUNG,2020,Budidaya,57839
325,MALUKU,2020,Budidaya,7421
326,MALUKU UTARA,2020,Budidaya,3433
327,NUSA TENGGARA BARAT,2020,Budidaya,31506
328,NUSA TENGGARA TIMUR,2020,Budidaya,37378
329,PAPUA,2020,Budidaya,9966
330,PAPUA BARAT,2020,Budidaya,2107
331,RIAU,2020,Budidaya,26310
332,SULAWESI BARAT,2020,Budidaya,18902
333,SULAWESI SELATAN,2020,Budidaya,109245
334,SULAWESI TENGAH,2020,Budidaya,24044
335,SULAWESI TENGGARA,2020,Budidaya,17717
336,SULAWESI UTARA,2020,Budidaya,14653
337,SUMATERA BARAT,2020,Budidaya,83666
338,SUMATERA SELATAN,2020,Budidaya,62539
339,SUMATERA UTARA,2020,Budidaya,40214
340,ACEH,2011,Laut,17151
341,BALI,2011,Laut,15954
342,BANTEN,2011,Laut,5851
343,BENGKULU,2011,Laut,8185
344,DAERAH ISTIMEWA YOGYAKARTA,2011,Laut,1128
345,DKI JAKARTA,2011,Laut,3322
346,GORONTALO,2011,Laut,7779
347,JAMBI,2011,Laut,2629
348,JAWA BARAT,2011,Laut,19610
349,JAWA TENGAH,2011,Laut,21971
350,JAWA TIMUR,2011,Laut,59654
351,KALIMANTAN BARAT,2011,Laut,12017
352,KALIMANTAN SELATAN,2011,Laut,9260
353,KALIMANTAN TENGAH,2011,Laut,6407
354,KALIMANTAN TIMUR,2011,Laut,27704
355,KALIMANTAN UTARA,2011,Laut,0
356,KEPULAUAN BANGKA BELITUNG,2011,Laut,17526
357,KEPULAUAN RIAU,2011,Laut,25667
358,LAMPUNG,2011,Laut,7673
359,MALUKU,2011,Laut,44542
360,MALUKU UTARA,2011,Laut,2905
361,NUSA TENGGARA BARAT,2011,Laut,20559
362,NUSA TENGGARA TIMUR,2011,Laut,15441
363,PAPUA,2011,Laut,32208
364,PAPUA BARAT,2011,Laut,13451
365,RIAU,2011,Laut,13933
366,SULAWESI BARAT,2011,Laut,14178
367,SULAWESI SELATAN,2011,Laut,32717
368,SULAWESI TENGAH,2011,Laut,40922
369,SULAWESI TENGGARA,2011,Laut,26054
370,SULAWESI UTARA,2011,Laut,18824
371,SUMATERA BARAT,2011,Laut,9574
372,SUMATERA SELATAN,2011,Laut,7073
373,SUMATERA UTARA,2011,Laut,33331
374,ACEH,2012,Laut,17149
375,BALI,2012,Laut,15058
376,BANTEN,2012,Laut,6100
377,BENGKULU,2012,Laut,8182
378,DAERAH ISTIMEWA YOGYAKARTA,2012,Laut,1529
379,DKI JAKARTA,2012,Laut,2442
380,GORONTALO,2012,Laut,7790
381,JAMBI,2012,Laut,2721
382,JAWA BARAT,2012,Laut,20104
383,JAWA TENGAH,2012,Laut,19972
384,JAWA TIMUR,2012,Laut,67536
385,KALIMANTAN BARAT,2012,Laut,11325
386,KALIMANTAN SELATAN,2012,Laut,9167
387,KALIMANTAN TENGAH,2012,Laut,6155
388,KALIMANTAN TIMUR,2012,Laut,26840
389,KALIMANTAN UTARA,2012,Laut,0
390,KEPULAUAN BANGKA BELITUNG,2012,Laut,17468
391,KEPULAUAN RIAU,2012,Laut,28398
392,LAMPUNG,2012,Laut,7455
393,MALUKU,2012,Laut,54139
394,MALUKU UTARA,2012,Laut,2891
395,NUSA TENGGARA BARAT,2012,Laut,20526
396,NUSA TENGGARA TIMUR,2012,Laut,17049
397,PAPUA,2012,Laut,30976
398,PAPUA BARAT,2012,Laut,13549
399,RIAU,2012,Laut,14809
400,SULAWESI BARAT,2012,Laut,12657
401,SULAWESI SELATAN,2012,Laut,33859
402,SULAWESI TENGAH,2012,Laut,52372
403,SULAWESI TENGGARA,2012,Laut,26799
404,SULAWESI UTARA,2012,Laut,16026
405,SUMATERA BARAT,2012,Laut,9962
406,SUMATERA SELATAN,2012,Laut,7342
407,SUMATERA UTARA,2012,Laut,39069
408,ACEH,2013,Laut,17667
409,BALI,2013,Laut,15429
410,BANTEN,2013,Laut,6034
411,BENGKULU,2013,Laut,8278
412,DAERAH ISTIMEWA YOGYAKARTA,2013,Laut,1615
413,DKI JAKARTA,2013,Laut,3238
414,GORONTALO,2013,Laut,7922
415,JAMBI,2013,Laut,1925
416,JAWA BARAT,2013,Laut,20754
417,JAWA TENGAH,2013,Laut,19919
418,JAWA TIMUR,2013,Laut,62485
419,KALIMANTAN BARAT,2013,Laut,13535
420,KALIMANTAN SELATAN,2013,Laut,9164
421,KALIMANTAN TENGAH,2013,Laut,5330
422,KALIMANTAN TIMUR,2013,Laut,27806
423,KALIMANTAN UTARA,2013,Laut,0
424,KEPULAUAN BANGKA BELITUNG,2013,Laut,17786
425,KEPULAUAN RIAU,2013,Laut,30230
426,LAMPUNG,2013,Laut,7606
427,MALUKU,2013,Laut,49842
428,MALUKU UTARA,2013,Laut,2992
429,NUSA TENGGARA BARAT,2013,Laut,24624
430,NUSA TENGGARA TIMUR,2013,Laut,25011
431,PAPUA,2013,Laut,31992
432,PAPUA BARAT,2013,Laut,13649
433,RIAU,2013,Laut,14901
434,SULAWESI BARAT,2013,Laut,11803
435,SULAWESI SELATAN,2013,Laut,35711
436,SULAWESI TENGAH,2013,Laut,57511
437,SULAWESI TENGGARA,2013,Laut,26019
438,SULAWESI UTARA,2013,Laut,39270
439,SUMATERA BARAT,2013,Laut,11141
440,SUMATERA SELATAN,2013,Laut,7355
441,SUMATERA UTARA,2013,Laut,43081
442,ACEH,2014,Laut,17758
443,BALI,2014,Laut,15654
444,BANTEN,2014,Laut,6058
445,BENGKULU,2014,Laut,7487
446,DAERAH ISTIMEWA YOGYAKARTA,2014,Laut,1754
447,DKI JAKARTA,2014,Laut,3290
448,GORONTALO,2014,Laut,7985
449,JAMBI,2014,Laut,2680
450,JAWA BARAT,2014,Laut,18231
451,JAWA TENGAH,2014,Laut,22545
452,JAWA TIMUR,2014,Laut,59513
453,KALIMANTAN BARAT,2014,Laut,13890
454,KALIMANTAN SELATAN,2014,Laut,9166
455,KALIMANTAN TENGAH,2014,Laut,6439
456,KALIMANTAN TIMUR,2014,Laut,28176
457,KALIMANTAN UTARA,2014,Laut,0
458,KEPULAUAN BANGKA BELITUNG,2014,Laut,17304
459,KEPULAUAN RIAU,2014,Laut,30017
460,LAMPUNG,2014,Laut,7757
461,MALUKU,2014,Laut,51947
462,MALUKU UTARA,2014,Laut,3077
463,NUSA TENGGARA BARAT,2014,Laut,24791
464,NUSA TENGGARA TIMUR,2014,Laut,27135
465,PAPUA,2014,Laut,23209
466,PAPUA BARAT,2014,Laut,13646
467,RIAU,2014,Laut,14764
468,SULAWESI BARAT,2014,Laut,12088
469,SULAWESI SELATAN,2014,Laut,36642
470,SULAWESI TENGAH,2014,Laut,50855
471,SULAWESI TENGGARA,2014,Laut,27119
472,SULAWESI UTARA,2014,Laut,19500
473,SUMATERA BARAT,2014,Laut,12185
474,SUMATERA SELATAN,2014,Laut,7358
475,SUMATERA UTARA,2014,Laut,43085
476,ACEH,2015,Laut,18640
477,BALI,2015,Laut,16624
478,BANTEN,2015,Laut,8138
479,BENGKULU,2015,Laut,7576
480,DAERAH ISTIMEWA YOGYAKARTA,2015,Laut,1980
481,DKI JAKARTA,2015,Laut,3256
482,GORONTALO,2015,Laut,8035
483,JAMBI,2015,Laut,2365
484,JAWA BARAT,2015,Laut,13558
485,JAWA TENGAH,2015,Laut,21526
486,JAWA TIMUR,2015,Laut,60631
487,KALIMANTAN BARAT,2015,Laut,1595
488,KALIMANTAN SELATAN,2015,Laut,11805
489,KALIMANTAN TENGAH,2015,Laut,5616
490,KALIMANTAN TIMUR,2015,Laut,22262
491,KALIMANTAN UTARA,2015,Laut,5900
492,KEPULAUAN BANGKA BELITUNG,2015,Laut,8595
493,KEPULAUAN RIAU,2015,Laut,23869
494,LAMPUNG,2015,Laut,6729
495,MALUKU,2015,Laut,52121
496,MALUKU UTARA,2015,Laut,3465
497,NUSA TENGGARA BARAT,2015,Laut,25461
498,NUSA TENGGARA TIMUR,2015,Laut,24981
499,PAPUA,2015,Laut,12277
500,PAPUA BARAT,2015,Laut,13636
501,RIAU,2015,Laut,14329
502,SULAWESI BARAT,2015,Laut,12083
503,SULAWESI SELATAN,2015,Laut,28370
504,SULAWESI TENGAH,2015,Laut,26055
505,SULAWESI TENGGARA,2015,Laut,25503
506,SULAWESI UTARA,2015,Laut,18138
507,SUMATERA BARAT,2015,Laut,11954
508,SUMATERA SELATAN,2015,Laut,2871
509,SUMATERA UTARA,2015,Laut,44062
510,ACEH,2016,Laut,18716
511,BALI,2016,Laut,4762
512,BANTEN,2016,Laut,8595
513,BENGKULU,2016,Laut,7575
514,DAERAH ISTIMEWA YOGYAKARTA,2016,Laut,2278
515,DKI JAKARTA,2016,Laut,2212
516,GORONTALO,2016,Laut,8033
517,JAMBI,2016,Laut,2649
518,JAWA BARAT,2016,Laut,15332
519,JAWA TENGAH,2016,Laut,82123
520,JAWA TIMUR,2016,Laut,36612
521,KALIMANTAN BARAT,2016,Laut,10631
522,KALIMANTAN SELATAN,2016,Laut,63099
523,KALIMANTAN TENGAH,2016,Laut,5137
524,KALIMANTAN TIMUR,2016,Laut,22065
525,KALIMANTAN UTARA,2016,Laut,5920
526,KEPULAUAN BANGKA BELITUNG,2016,Laut,11889
527,KEPULAUAN RIAU,2016,Laut,23893
528,LAMPUNG,2016,Laut,8042
529,MALUKU,2016,Laut,52122
530,MALUKU UTARA,2016,Laut,3799
531,NUSA TENGGARA BARAT,2016,Laut,25093
532,NUSA TENGGARA TIMUR,2016,Laut,24981
533,PAPUA,2016,Laut,10993
534,PAPUA BARAT,2016,Laut,13610
535,RIAU,2016,Laut,12790
536,SULAWESI BARAT,2016,Laut,13001
537,SULAWESI SELATAN,2016,Laut,39836
538,SULAWESI TENGAH,2016,Laut,34331
539,SULAWESI TENGGARA,2016,Laut,33356
540,SULAWESI UTARA,2016,Laut,19112
541,SUMATERA BARAT,2016,Laut,11637
542,SUMATERA SELATAN,2016,Laut,2848
543,SUMATERA UTARA,2016,Laut,46177
544,ACEH,2017,Laut,18718
545,BALI,2017,Laut,4928
546,BANTEN,2017,Laut,8617
547,BENGKULU,2017,Laut,7580
548,DAERAH ISTIMEWA YOGYAKARTA,2017,Laut,2281
549,DKI JAKARTA,2017,Laut,3008
550,GORONTALO,2017,Laut,8059
551,JAMBI,2017,Laut,2649
552,JAWA BARAT,2017,Laut,15523
553,JAWA TENGAH,2017,Laut,82571
554,JAWA TIMUR,2017,Laut,36671
555,KALIMANTAN BARAT,2017,Laut,10674
556,KALIMANTAN SELATAN,2017,Laut,63102
557,KALIMANTAN TENGAH,2017,Laut,5137
558,KALIMANTAN TIMUR,2017,Laut,22066
559,KALIMANTAN UTARA,2017,Laut,5920
560,KEPULAUAN BANGKA BELITUNG,2017,Laut,11890
561,KEPULAUAN RIAU,2017,Laut,24086
562,LAMPUNG,2017,Laut,8042
563,MALUKU,2017,Laut,52130
564,MALUKU UTARA,2017,Laut,3824
565,NUSA TENGGARA BARAT,2017,Laut,25093
566,NUSA TENGGARA TIMUR,2017,Laut,24981
567,PAPUA,2017,Laut,11007
568,PAPUA BARAT,2017,Laut,13636
569,RIAU,2017,Laut,12809
570,SULAWESI BARAT,2017,Laut,13001
571,SULAWESI SELATAN,2017,Laut,39837
572,SULAWESI TENGAH,2017,Laut,34331
573,SULAWESI TENGGARA,2017,Laut,33402
574,SULAWESI UTARA,2017,Laut,19222
575,SUMATERA BARAT,2017,Laut,11639
576,SUMATERA SELATAN,2017,Laut,2858
577,SUMATERA UTARA,2017,Laut,46415
578,ACEH,2018,Laut,20306
579,BALI,2018,Laut,13191
580,BANTEN,2018,Laut,8853
581,BENGKULU,2018,Laut,3979
582,DAERAH ISTIMEWA YOGYAKARTA,2018,Laut,501
583,DKI JAKARTA,2018,Laut,3479
584,GORONTALO,2018,Laut,10444
585,JAMBI,2018,Laut,3303
586,JAWA BARAT,2018,Laut,9144
587,JAWA TENGAH,2018,Laut,20355
588,JAWA TIMUR,2018,Laut,67140
589,KALIMANTAN BARAT,2018,Laut,15826
590,KALIMANTAN SELATAN,2018,Laut,11551
591,KALIMANTAN TENGAH,2018,Laut,7322
592,KALIMANTAN TIMUR,2018,Laut,22203
593,KALIMANTAN UTARA,2018,Laut,11643
594,KEPULAUAN BANGKA BELITUNG,2018,Laut,17947
595,KEPULAUAN RIAU,2018,Laut,25575
596,LAMPUNG,2018,Laut,11962
597,MALUKU,2018,Laut,58800
598,MALUKU UTARA,2018,Laut,14135
599,NUSA TENGGARA BARAT,2018,Laut,25229
600,NUSA TENGGARA TIMUR,2018,Laut,26381
601,PAPUA,2018,Laut,15958
602,PAPUA BARAT,2018,Laut,15268
603,RIAU,2018,Laut,11717
604,SULAWESI BARAT,2018,Laut,14547
605,SULAWESI SELATAN,2018,Laut,65744
606,SULAWESI TENGAH,2018,Laut,52076
607,SULAWESI TENGGARA,2018,Laut,55424
608,SULAWESI UTARA,2018,Laut,25010
609,SUMATERA BARAT,2018,Laut,12527
610,SUMATERA SELATAN,2018,Laut,2998
611,SUMATERA UTARA,2018,Laut,38379
612,ACEH,2019,Laut,36246
613,BALI,2019,Laut,21094
614,BANTEN,2019,Laut,17999
615,BENGKULU,2019,Laut,8013
616,DAERAH ISTIMEWA YOGYAKARTA,2019,Laut,2249
617,DKI JAKARTA,2019,Laut,4944
618,GORONTALO,2019,Laut,11848
619,JAMBI,2019,Laut,3171
620,JAWA BARAT,2019,Laut,27701
621,JAWA TENGAH,2019,Laut,50290
622,JAWA TIMUR,2019,Laut,66992
623,KALIMANTAN BARAT,2019,Laut,17790
624,KALIMANTAN SELATAN,2019,Laut,21882
625,KALIMANTAN TENGAH,2019,Laut,7352
626,KALIMANTAN TIMUR,2019,Laut,23814
627,KALIMANTAN UTARA,2019,Laut,10246
628,KEPULAUAN BANGKA BELITUNG,2019,Laut,28642
629,KEPULAUAN RIAU,2019,Laut,29850
630,LAMPUNG,2019,Laut,14670
631,MALUKU,2019,Laut,104734
632,MALUKU UTARA,2019,Laut,21171
633,NUSA TENGGARA BARAT,2019,Laut,35769
634,NUSA TENGGARA TIMUR,2019,Laut,37530
635,PAPUA,2019,Laut,21758
636,PAPUA BARAT,2019,Laut,17842
637,RIAU,2019,Laut,15170
638,SULAWESI BARAT,2019,Laut,16848
639,SULAWESI SELATAN,2019,Laut,60755
640,SULAWESI TENGAH,2019,Laut,51140
641,SULAWESI TENGGARA,2019,Laut,51983
642,SULAWESI UTARA,2019,Laut,37060
643,SUMATERA BARAT,2019,Laut,33070
644,SUMATERA SELATAN,2019,Laut,6958
645,SUMATERA UTARA,2019,Laut,46959
646,ACEH,2020,Laut,39004
647,BALI,2020,Laut,33651
648,BANTEN,2020,Laut,14747
649,BENGKULU,2020,Laut,10966
650,DAERAH ISTIMEWA YOGYAKARTA,2020,Laut,3367
651,DKI JAKARTA,2020,Laut,4921
652,GORONTALO,2020,Laut,14566
653,JAMBI,2020,Laut,4507
654,JAWA BARAT,2020,Laut,19366
655,JAWA TENGAH,2020,Laut,99305
656,JAWA TIMUR,2020,Laut,96545
657,KALIMANTAN BARAT,2020,Laut,28579
658,KALIMANTAN SELATAN,2020,Laut,31570
659,KALIMANTAN TENGAH,2020,Laut,12257
660,KALIMANTAN TIMUR,2020,Laut,27909
661,KALIMANTAN UTARA,2020,Laut,13722
662,KEPULAUAN BANGKA BELITUNG,2020,Laut,33948
663,KEPULAUAN RIAU,2020,Laut,48323
664,LAMPUNG,2020,Laut,15886
665,MALUKU,2020,Laut,93579
666,MALUKU UTARA,2020,Laut,25515
667,NUSA TENGGARA BARAT,2020,Laut,46830
668,NUSA TENGGARA TIMUR,2020,Laut,45793
669,PAPUA,2020,Laut,26992
670,PAPUA BARAT,2020,Laut,18550
671,RIAU,2020,Laut,14999
672,SULAWESI BARAT,2020,Laut,19948
673,SULAWESI SELATAN,2020,Laut,82009
674,SULAWESI TENGAH,2020,Laut,66495
675,SULAWESI TENGGARA,2020,Laut,60229
676,SULAWESI UTARA,2020,Laut,48427
677,SUMATERA BARAT,2020,Laut,23689
678,SUMATERA SELATAN,2020,Laut,3686
679,SUMATERA UTARA,2020,Laut,68741
680,ACEH,2011,PUD,3167
681,BALI,2011,PUD,4848
682,BANTEN,2011,PUD,648
683,BENGKULU,2011,PUD,4487
684,DAERAH ISTIMEWA YOGYAKARTA,2011,PUD,2340
685,DKI JAKARTA,2011,PUD,0
686,GORONTALO,2011,PUD,709
687,JAMBI,2011,PUD,8525
688,JAWA BARAT,2011,PUD,26486
689,JAWA TENGAH,2011,PUD,35299
690,JAWA TIMUR,2011,PUD,27065
691,KALIMANTAN BARAT,2011,PUD,5659
692,KALIMANTAN SELATAN,2011,PUD,37316
693,KALIMANTAN TENGAH,2011,PUD,19801
694,KALIMANTAN TIMUR,2011,PUD,24497
695,KALIMANTAN UTARA,2011,PUD,0
696,KEPULAUAN BANGKA BELITUNG,2011,PUD,0
697,KEPULAUAN RIAU,2011,PUD,0
698,LAMPUNG,2011,PUD,7418
699,MALUKU,2011,PUD,24
700,MALUKU UTARA,2011,PUD,0
701,NUSA TENGGARA BARAT,2011,PUD,3427
702,NUSA TENGGARA TIMUR,2011,PUD,0
703,PAPUA,2011,PUD,14149
704,PAPUA BARAT,2011,PUD,648
705,RIAU,2011,PUD,11397
706,SULAWESI BARAT,2011,PUD,0
707,SULAWESI SELATAN,2011,PUD,9405
708,SULAWESI TENGAH,2011,PUD,133
709,SULAWESI TENGGARA,2011,PUD,2504
710,SULAWESI UTARA,2011,PUD,2299
711,SUMATERA BARAT,2011,PUD,9116
712,SUMATERA SELATAN,2011,PUD,51388
713,SUMATERA UTARA,2011,PUD,12173
714,ACEH,2012,PUD,3174
715,BALI,2012,PUD,4322
716,BANTEN,2012,PUD,648
717,BENGKULU,2012,PUD,4528
718,DAERAH ISTIMEWA YOGYAKARTA,2012,PUD,2886
719,DKI JAKARTA,2012,PUD,0
720,GORONTALO,2012,PUD,531
721,JAMBI,2012,PUD,8644
722,JAWA BARAT,2012,PUD,26856
723,JAWA TENGAH,2012,PUD,37427
724,JAWA TIMUR,2012,PUD,16960
725,KALIMANTAN BARAT,2012,PUD,5070
726,KALIMANTAN SELATAN,2012,PUD,43467
727,KALIMANTAN TENGAH,2012,PUD,17035
728,KALIMANTAN TIMUR,2012,PUD,24545
729,KALIMANTAN UTARA,2012,PUD,0
730,KEPULAUAN BANGKA BELITUNG,2012,PUD,0
731,KEPULAUAN RIAU,2012,PUD,0
732,LAMPUNG,2012,PUD,6172
733,MALUKU,2012,PUD,20
734,MALUKU UTARA,2012,PUD,0
735,NUSA TENGGARA BARAT,2012,PUD,2928
736,NUSA TENGGARA TIMUR,2012,PUD,0
737,PAPUA,2012,PUD,14547
738,PAPUA BARAT,2012,PUD,648
739,RIAU,2012,PUD,12532
740,SULAWESI BARAT,2012,PUD,0
741,SULAWESI SELATAN,2012,PUD,6850
742,SULAWESI TENGAH,2012,PUD,896
743,SULAWESI TENGGARA,2012,PUD,2120
744,SULAWESI UTARA,2012,PUD,3862
745,SUMATERA BARAT,2012,PUD,9283
746,SUMATERA SELATAN,2012,PUD,51977
747,SUMATERA UTARA,2012,PUD,13140
748,ACEH,2013,PUD,3174
749,BALI,2013,PUD,3714
750,BANTEN,2013,PUD,580
751,BENGKULU,2013,PUD,4528
752,DAERAH ISTIMEWA YOGYAKARTA,2013,PUD,2947
753,DKI JAKARTA,2013,PUD,0
754,GORONTALO,2013,PUD,544
755,JAMBI,2013,PUD,9246
756,JAWA BARAT,2013,PUD,25703
757,JAWA TENGAH,2013,PUD,35202
758,JAWA TIMUR,2013,PUD,14369
759,KALIMANTAN BARAT,2013,PUD,5821
760,KALIMANTAN SELATAN,2013,PUD,43100
761,KALIMANTAN TENGAH,2013,PUD,16430
762,KALIMANTAN TIMUR,2013,PUD,24136
763,KALIMANTAN UTARA,2013,PUD,0
764,KEPULAUAN BANGKA BELITUNG,2013,PUD,0
765,KEPULAUAN RIAU,2013,PUD,0
766,LAMPUNG,2013,PUD,6533
767,MALUKU,2013,PUD,26
768,MALUKU UTARA,2013,PUD,0
769,NUSA TENGGARA BARAT,2013,PUD,2169
770,NUSA TENGGARA TIMUR,2013,PUD,0
771,PAPUA,2013,PUD,13766
772,PAPUA BARAT,2013,PUD,689
773,RIAU,2013,PUD,12506
774,SULAWESI BARAT,2013,PUD,0
775,SULAWESI SELATAN,2013,PUD,8178
776,SULAWESI TENGAH,2013,PUD,723
777,SULAWESI TENGGARA,2013,PUD,1642
778,SULAWESI UTARA,2013,PUD,3862
779,SUMATERA BARAT,2013,PUD,10200
780,SUMATERA SELATAN,2013,PUD,51703
781,SUMATERA UTARA,2013,PUD,13842
782,ACEH,2014,PUD,3167
783,BALI,2014,PUD,3565
784,BANTEN,2014,PUD,560
785,BENGKULU,2014,PUD,4570
786,DAERAH ISTIMEWA YOGYAKARTA,2014,PUD,2989
787,DKI JAKARTA,2014,PUD,0
788,GORONTALO,2014,PUD,577
789,JAMBI,2014,PUD,8315
790,JAWA BARAT,2014,PUD,24532
791,JAWA TENGAH,2014,PUD,35683
792,JAWA TIMUR,2014,PUD,25147
793,KALIMANTAN BARAT,2014,PUD,7234
794,KALIMANTAN SELATAN,2014,PUD,43168
795,KALIMANTAN TENGAH,2014,PUD,16794
796,KALIMANTAN TIMUR,2014,PUD,24636
797,KALIMANTAN UTARA,2014,PUD,0
798,KEPULAUAN BANGKA BELITUNG,2014,PUD,0
799,KEPULAUAN RIAU,2014,PUD,0
800,LAMPUNG,2014,PUD,5677
801,MALUKU,2014,PUD,26
802,MALUKU UTARA,2014,PUD,0
803,NUSA TENGGARA BARAT,2014,PUD,2035
804,NUSA TENGGARA TIMUR,2014,PUD,0
805,PAPUA,2014,PUD,12960
806,PAPUA BARAT,2014,PUD,487
807,RIAU,2014,PUD,12308
808,SULAWESI BARAT,2014,PUD,0
809,SULAWESI SELATAN,2014,PUD,8333
810,SULAWESI TENGAH,2014,PUD,907
811,SULAWESI TENGGARA,2014,PUD,1628
812,SULAWESI UTARA,2014,PUD,2433
813,SUMATERA BARAT,2014,PUD,8117
814,SUMATERA SELATAN,2014,PUD,50107
815,SUMATERA UTARA,2014,PUD,16981
816,ACEH,2015,PUD,2937
817,BALI,2015,PUD,3969
818,BANTEN,2015,PUD,558
819,BENGKULU,2015,PUD,4709
820,DAERAH ISTIMEWA YOGYAKARTA,2015,PUD,2656
821,DKI JAKARTA,2015,PUD,0
822,GORONTALO,2015,PUD,597
823,JAMBI,2015,PUD,10041
824,JAWA BARAT,2015,PUD,15119
825,JAWA TENGAH,2015,PUD,37970
826,JAWA TIMUR,2015,PUD,14425
827,KALIMANTAN BARAT,2015,PUD,8916
828,KALIMANTAN SELATAN,2015,PUD,41371
829,KALIMANTAN TENGAH,2015,PUD,20657
830,KALIMANTAN TIMUR,2015,PUD,24636
831,KALIMANTAN UTARA,2015,PUD,1677
832,KEPULAUAN BANGKA BELITUNG,2015,PUD,0
833,KEPULAUAN RIAU,2015,PUD,0
834,LAMPUNG,2015,PUD,9826
835,MALUKU,2015,PUD,18
836,MALUKU UTARA,2015,PUD,0
837,NUSA TENGGARA BARAT,2015,PUD,2209
838,NUSA TENGGARA TIMUR,2015,PUD,0
839,PAPUA,2015,PUD,10222
840,PAPUA BARAT,2015,PUD,664
841,RIAU,2015,PUD,11796
842,SULAWESI BARAT,2015,PUD,0
843,SULAWESI SELATAN,2015,PUD,5478
844,SULAWESI TENGAH,2015,PUD,600
845,SULAWESI TENGGARA,2015,PUD,1747
846,SULAWESI UTARA,2015,PUD,80
847,SUMATERA BARAT,2015,PUD,13071
848,SUMATERA SELATAN,2015,PUD,42262
849,SUMATERA UTARA,2015,PUD,11198
850,ACEH,2016,PUD,2937
851,BALI,2016,PUD,2905
852,BANTEN,2016,PUD,558
853,BENGKULU,2016,PUD,4568
854,DAERAH ISTIMEWA YOGYAKARTA,2016,PUD,2378
855,DKI JAKARTA,2016,PUD,0
856,GORONTALO,2016,PUD,597
857,JAMBI,2016,PUD,9562
858,JAWA BARAT,2016,PUD,15962
859,JAWA TENGAH,2016,PUD,36270
860,JAWA TIMUR,2016,PUD,16476
861,KALIMANTAN BARAT,2016,PUD,8916
862,KALIMANTAN SELATAN,2016,PUD,23532
863,KALIMANTAN TENGAH,2016,PUD,17674
864,KALIMANTAN TIMUR,2016,PUD,23023
865,KALIMANTAN UTARA,2016,PUD,1680
866,KEPULAUAN BANGKA BELITUNG,2016,PUD,0
867,KEPULAUAN RIAU,2016,PUD,0
868,LAMPUNG,2016,PUD,10596
869,MALUKU,2016,PUD,0
870,MALUKU UTARA,2016,PUD,0
871,NUSA TENGGARA BARAT,2016,PUD,2409
872,NUSA TENGGARA TIMUR,2016,PUD,0
873,PAPUA,2016,PUD,11540
874,PAPUA BARAT,2016,PUD,664
875,RIAU,2016,PUD,13942
876,SULAWESI BARAT,2016,PUD,0
877,SULAWESI SELATAN,2016,PUD,5676
878,SULAWESI TENGAH,2016,PUD,1014
879,SULAWESI TENGGARA,2016,PUD,2022
880,SULAWESI UTARA,2016,PUD,2429
881,SUMATERA BARAT,2016,PUD,12858
882,SUMATERA SELATAN,2016,PUD,41776
883,SUMATERA UTARA,2016,PUD,10816
884,ACEH,2017,PUD,2937
885,BALI,2017,PUD,2905
886,BANTEN,2017,PUD,558
887,BENGKULU,2017,PUD,4568
888,DAERAH ISTIMEWA YOGYAKARTA,2017,PUD,2378
889,DKI JAKARTA,2017,PUD,0
890,GORONTALO,2017,PUD,597
891,JAMBI,2017,PUD,9562
892,JAWA BARAT,2017,PUD,15962
893,JAWA TENGAH,2017,PUD,36270
894,JAWA TIMUR,2017,PUD,16476
895,KALIMANTAN BARAT,2017,PUD,8916
896,KALIMANTAN SELATAN,2017,PUD,23532
897,KALIMANTAN TENGAH,2017,PUD,17674
898,KALIMANTAN TIMUR,2017,PUD,23023
899,KALIMANTAN UTARA,2017,PUD,1680
900,KEPULAUAN BANGKA BELITUNG,2017,PUD,0
901,KEPULAUAN RIAU,2017,PUD,0
902,LAMPUNG,2017,PUD,10596
903,MALUKU,2017,PUD,0
904,MALUKU UTARA,2017,PUD,0
905,NUSA TENGGARA BARAT,2017,PUD,2409
906,NUSA TENGGARA TIMUR,2017,PUD,0
907,PAPUA,2017,PUD,11540
908,PAPUA BARAT,2017,PUD,664
909,RIAU,2017,PUD,13942
910,SULAWESI BARAT,2017,PUD,0
911,SULAWESI SELATAN,2017,PUD,5676
912,SULAWESI TENGAH,2017,PUD,1014
913,SULAWESI TENGGARA,2017,PUD,2022
914,SULAWESI UTARA,2017,PUD,2429
915,SUMATERA BARAT,2017,PUD,12858
916,SUMATERA SELATAN,2017,PUD,41776
917,SUMATERA UTARA,2017,PUD,10816
918,ACEH,2018,PUD,5420
919,BALI,2018,PUD,5572
920,BANTEN,2018,PUD,735
921,BENGKULU,2018,PUD,4464
922,DAERAH ISTIMEWA YOGYAKARTA,2018,PUD,2313
923,DKI JAKARTA,2018,PUD,0
924,GORONTALO,2018,PUD,828
925,JAMBI,2018,PUD,10259
926,JAWA BARAT,2018,PUD,19987
927,JAWA TENGAH,2018,PUD,30489
928,JAWA TIMUR,2018,PUD,12988
929,KALIMANTAN BARAT,2018,PUD,45799
930,KALIMANTAN SELATAN,2018,PUD,23318
931,KALIMANTAN TENGAH,2018,PUD,21874
932,KALIMANTAN TIMUR,2018,PUD,24120
933,KALIMANTAN UTARA,2018,PUD,2269
934,KEPULAUAN BANGKA BELITUNG,2018,PUD,636
935,KEPULAUAN RIAU,2018,PUD,0
936,LAMPUNG,2018,PUD,9698
937,MALUKU,2018,PUD,55
938,MALUKU UTARA,2018,PUD,0
939,NUSA TENGGARA BARAT,2018,PUD,2665
940,NUSA TENGGARA TIMUR,2018,PUD,9
941,PAPUA,2018,PUD,1240
942,PAPUA BARAT,2018,PUD,292
943,RIAU,2018,PUD,11998
944,SULAWESI BARAT,2018,PUD,0
945,SULAWESI SELATAN,2018,PUD,7595
946,SULAWESI TENGAH,2018,PUD,7926
947,SULAWESI TENGGARA,2018,PUD,1014
948,SULAWESI UTARA,2018,PUD,2573
949,SUMATERA BARAT,2018,PUD,9953
950,SUMATERA SELATAN,2018,PUD,19730
951,SUMATERA UTARA,2018,PUD,11451
952,ACEH,2019,PUD,10469
953,BALI,2019,PUD,2502
954,BANTEN,2019,PUD,1730
955,BENGKULU,2019,PUD,4490
956,DAERAH ISTIMEWA YOGYAKARTA,2019,PUD,5329
957,DKI JAKARTA,2019,PUD,0
958,GORONTALO,2019,PUD,1684
959,JAMBI,2019,PUD,11382
960,JAWA BARAT,2019,PUD,30456
961,JAWA TENGAH,2019,PUD,149876
962,JAWA TIMUR,2019,PUD,23033
963,KALIMANTAN BARAT,2019,PUD,15659
964,KALIMANTAN SELATAN,2019,PUD,78420
965,KALIMANTAN TENGAH,2019,PUD,30636
966,KALIMANTAN TIMUR,2019,PUD,53588
967,KALIMANTAN UTARA,2019,PUD,1716
968,KEPULAUAN BANGKA BELITUNG,2019,PUD,1205
969,KEPULAUAN RIAU,2019,PUD,0
970,LAMPUNG,2019,PUD,8042
971,MALUKU,2019,PUD,0
972,MALUKU UTARA,2019,PUD,0
973,NUSA TENGGARA BARAT,2019,PUD,3702
974,NUSA TENGGARA TIMUR,2019,PUD,17
975,PAPUA,2019,PUD,100
976,PAPUA BARAT,2019,PUD,1681
977,RIAU,2019,PUD,31471
978,SULAWESI BARAT,2019,PUD,0
979,SULAWESI SELATAN,2019,PUD,13473
980,SULAWESI TENGAH,2019,PUD,2148
981,SULAWESI TENGGARA,2019,PUD,2256
982,SULAWESI UTARA,2019,PUD,6638
983,SUMATERA BARAT,2019,PUD,12712
984,SUMATERA SELATAN,2019,PUD,50406
985,SUMATERA UTARA,2019,PUD,16077
986,ACEH,2020,PUD,6027
987,BALI,2020,PUD,1805
988,BANTEN,2020,PUD,2207
989,BENGKULU,2020,PUD,4478
990,DAERAH ISTIMEWA YOGYAKARTA,2020,PUD,5418
991,DKI JAKARTA,2020,PUD,0
992,GORONTALO,2020,PUD,874
993,JAMBI,2020,PUD,10003
994,JAWA BARAT,2020,PUD,32320
995,JAWA TENGAH,2020,PUD,81391
996,JAWA TIMUR,2020,PUD,31965
997,KALIMANTAN BARAT,2020,PUD,21040
998,KALIMANTAN SELATAN,2020,PUD,44567
999,KALIMANTAN TENGAH,2020,PUD,35718
1000,KALIMANTAN TIMUR,2020,PUD,50198
1001,KALIMANTAN UTARA,2020,PUD,1723
1002,KEPULAUAN BANGKA BELITUNG,2020,PUD,982
1003,KEPULAUAN RIAU,2020,PUD,0
1004,LAMPUNG,2020,PUD,6189
1005,MALUKU,2020,PUD,0
1006,MALUKU UTARA,2020,PUD,0
1007,NUSA TENGGARA BARAT,2020,PUD,3119
1008,NUSA TENGGARA TIMUR,2020,PUD,0
1009,PAPUA,2020,PUD,1146
1010,PAPUA BARAT,2020,PUD,1633
1011,RIAU,2020,PUD,20412
1012,SULAWESI BARAT,2020,PUD,0
1013,SULAWESI SELATAN,2020,PUD,8234
1014,SULAWESI TENGAH,2020,PUD,3375
1015,SULAWESI TENGGARA,2020,PUD,2190
1016,SULAWESI UTARA,2020,PUD,2278
1017,SUMATERA BARAT,2020,PUD,13366
1018,SUMATERA SELATAN,2020,PUD,43800
1019,SUMATERA UTARA,2020,PUD,10555
